[
  {
    "dt": 1697025600,
    "temp": 25.68,
    "feels_like": 24.77,
    "pressure": 1013,
    "humidity": 18,
    "dew_point": -0.34,
    "uvi": 0.27,
    "clouds": 8,
    "visibility": 10000,
    "wind_speed": 2.18,
    "wind_deg": 16,
    "wind_gust": 2.3,
    "weather": [
      {
        "id": 800,
        "main": "Clear",
        "description": "clear sky",
        "icon": "01d"
      }
    ],
    "pop": 0
  },
  {
    "dt": 1697029200,
    "temp": 24.97,
    "feels_like": 24.02,
    "pressure": 1013,
    "humidity": 19,
    "dew_point": -0.2,
    "uvi": 0,
    "clouds": 8,
    "visibility": 10000,
    "wind_speed": 2.16,
    "wind_deg": 12,
    "wind_gust": 2.21,
    "weather": [
      {
        "id": 800,
        "main": "Clear",
        "description": "clear sky",
        "icon": "01n"
      }
    ],
    "pop": 0
  },
  {
    "dt": 1697032800,
    "temp": 24.69,
    "feels_like": 23.74,
    "pressure": 1013,
    "humidity": 20,
    "dew_point": 0.25,
    "uvi": 0,
    "clouds": 8,
    "visibility": 10000,
    "wind_speed": 2.14,
    "wind_deg": 26,
    "wind_gust": 2.23,
    "weather": [
      {
        "id": 800,
        "main": "Clear",
        "description": "clear sky",
        "icon": "01n"
      }
    ],
    "pop": 0
  },
  {
    "dt": 1697036400,
    "temp": 23.99,
    "feels_like": 22.97,
    "pressure": 1013,
    "humidity": 20,
    "dew_point": -0.29,
    "uvi": 0,
    "clouds": 8,
    "visibility": 10000,
    "wind_speed": 2.1,
    "wind_deg": 53,
    "wind_gust": 2.17,
    "weather": [
      {
        "id": 800,
        "main": "Clear",
        "description": "clear sky",
        "icon": "01n"
      }
    ],
    "pop": 0
  },
  {
    "dt": 1697040000,
    "temp": 22.91,
    "feels_like": 21.8,
    "pressure": 1013,
    "humidity": 21,
    "dew_point": -0.49,
    "uvi": 0,
    "clouds": 12,
    "visibility": 10000,
    "wind_speed": 2.17,
    "wind_deg": 85,
    "wind_gust": 2.32,
    "weather": [
      {
        "id": 801,
        "main": "Clouds",
        "description": "few clouds",
        "icon": "02n"
      }
    ],
    "pop": 0
  },
  {
    "dt": 1697043600,
    "temp": 21.47,
    "feels_like": 20.27,
    "pressure": 1013,
    "humidity": 23,
    "dew_point": -0.45,
    "uvi": 0,
    "clouds": 14,
    "visibility": 10000,
    "wind_speed": 1.52,
    "wind_deg": 97,
    "wind_gust": 1.61,
    "weather": [
      {
        "id": 801,
        "main": "Clouds",
        "description": "few clouds",
        "icon": "02n"
      }
    ],
    "pop": 0
  },
  {
    "dt": 1697047200,
    "temp": 20.06,
    "feels_like": 18.75,
    "pressure": 1013,
    "humidity": 24,
    "dew_point": -1.28,
    "uvi": 0,
    "clouds": 14,
    "visibility": 10000,
    "wind_speed": 1.12,
    "wind_deg": 119,
    "wind_gust": 1.2,
    "weather": [
      {
        "id": 801,
        "main": "Clouds",
        "description": "few clouds",
        "icon": "02n"
      }
    ],
    "pop": 0
  },
  {
    "dt": 1697050800,
    "temp": 19.91,
    "feels_like": 18.58,
    "pressure": 1012,
    "humidity": 24,
    "dew_point": -1.22,
    "uvi": 0,
    "clouds": 0,
    "visibility": 10000,
    "wind_speed": 2.01,
    "wind_deg": 136,
    "wind_gust": 2.02,
    "weather": [
      {
        "id": 800,
        "main": "Clear",
        "description": "clear sky",
        "icon": "01n"
      }
    ],
    "pop": 0
  },
  {
    "dt": 1697054400,
    "temp": 19.45,
    "feels_like": 18.1,
    "pressure": 1012,
    "humidity": 25,
    "dew_point": -0.9,
    "uvi": 0,
    "clouds": 3,
    "visibility": 10000,
    "wind_speed": 2.34,
    "wind_deg": 133,
    "wind_gust": 2.5,
    "weather": [
      {
        "id": 800,
        "main": "Clear",
        "description": "clear sky",
        "icon": "01n"
      }
    ],
    "pop": 0
  },
  {
    "dt": 1697058000,
    "temp": 19.04,
    "feels_like": 17.68,
    "pressure": 1012,
    "humidity": 26,
    "dew_point": -0.72,
    "uvi": 0,
    "clouds": 4,
    "visibility": 10000,
    "wind_speed": 1.72,
    "wind_deg": 123,
    "wind_gust": 1.92,
    "weather": [
      {
        "id": 800,
        "main": "Clear",
        "description": "clear sky",
        "icon": "01n"
      }
    ],
    "pop": 0
  },
  {
    "dt": 1697061600,
    "temp": 18.66,
    "feels_like": 17.29,
    "pressure": 1012,
    "humidity": 27,
    "dew_point": -0.74,
    "uvi": 0,
    "clouds": 4,
    "visibility": 10000,
    "wind_speed": 0.34,
    "wind_deg": 356,
    "wind_gust": 1.03,
    "weather": [
      {
        "id": 800,
        "main": "Clear",
        "description": "clear sky",
        "icon": "01n"
      }
    ],
    "pop": 0
  },
  {
    "dt": 1697065200,
    "temp": 17.99,
    "feels_like": 16.58,
    "pressure": 1013,
    "humidity": 28,
    "dew_point": -0.8,
    "uvi": 0,
    "clouds": 4,
    "visibility": 10000,
    "wind_speed": 0.77,
    "wind_deg": 333,
    "wind_gust": 0.81,
    "weather": [
      {
        "id": 800,
        "main": "Clear",
        "description": "clear sky",
        "icon": "01n"
      }
    ],
    "pop": 0
  },
  {
    "dt": 1697068800,
    "temp": 17.87,
    "feels_like": 16.44,
    "pressure": 1014,
    "humidity": 28,
    "dew_point": -0.83,
    "uvi": 0,
    "clouds": 4,
    "visibility": 10000,
    "wind_speed": 1.5,
    "wind_deg": 91,
    "wind_gust": 1.71,
    "weather": [
      {
        "id": 800,
        "main": "Clear",
        "description": "clear sky",
        "icon": "01n"
      }
    ],
    "pop": 0
  },
  {
    "dt": 1697072400,
    "temp": 16.98,
    "feels_like": 15.52,
    "pressure": 1015,
    "humidity": 30,
    "dew_point": -0.73,
    "uvi": 0,
    "clouds": 7,
    "visibility": 10000,
    "wind_speed": 0.89,
    "wind_deg": 30,
    "wind_gust": 0.91,
    "weather": [
      {
        "id": 800,
        "main": "Clear",
        "description": "clear sky",
        "icon": "01n"
      }
    ],
    "pop": 0
  },
  {
    "dt": 1697076000,
    "temp": 16.8,
    "feels_like": 15.32,
    "pressure": 1015,
    "humidity": 30,
    "dew_point": -0.69,
    "uvi": 0,
    "clouds": 8,
    "visibility": 10000,
    "wind_speed": 1.98,
    "wind_deg": 84,
    "wind_gust": 2,
    "weather": [
      {
        "id": 800,
        "main": "Clear",
        "description": "clear sky",
        "icon": "01d"
      }
    ],
    "pop": 0
  },
  {
    "dt": 1697079600,
    "temp": 19.63,
    "feels_like": 18.33,
    "pressure": 1016,
    "humidity": 26,
    "dew_point": -0.39,
    "uvi": 0.33,
    "clouds": 7,
    "visibility": 10000,
    "wind_speed": 0.94,
    "wind_deg": 159,
    "wind_gust": 1.8,
    "weather": [
      {
        "id": 800,
        "main": "Clear",
        "description": "clear sky",
        "icon": "01d"
      }
    ],
    "pop": 0
  },
  {
    "dt": 1697083200,
    "temp": 22.38,
    "feels_like": 21.25,
    "pressure": 1016,
    "humidity": 22,
    "dew_point": -0.32,
    "uvi": 1.05,
    "clouds": 6,
    "visibility": 10000,
    "wind_speed": 2.51,
    "wind_deg": 212,
    "wind_gust": 3.61,
    "weather": [
      {
        "id": 800,
        "main": "Clear",
        "description": "clear sky",
        "icon": "01d"
      }
    ],
    "pop": 0
  },
  {
    "dt": 1697086800,
    "temp": 24.21,
    "feels_like": 23.21,
    "pressure": 1016,
    "humidity": 20,
    "dew_point": -0.12,
    "uvi": 2.15,
    "clouds": 7,
    "visibility": 10000,
    "wind_speed": 3.22,
    "wind_deg": 237,
    "wind_gust": 3.41,
    "weather": [
      {
        "id": 800,
        "main": "Clear",
        "description": "clear sky",
        "icon": "01d"
      }
    ],
    "pop": 0
  },
  {
    "dt": 1697090400,
    "temp": 25.92,
    "feels_like": 25.04,
    "pressure": 1015,
    "humidity": 18,
    "dew_point": 0.21,
    "uvi": 3.28,
    "clouds": 8,
    "visibility": 10000,
    "wind_speed": 2.75,
    "wind_deg": 244,
    "wind_gust": 2.61,
    "weather": [
      {
        "id": 800,
        "main": "Clear",
        "description": "clear sky",
        "icon": "01d"
      }
    ],
    "pop": 0
  },
  {
    "dt": 1697094000,
    "temp": 27.89,
    "feels_like": 26.6,
    "pressure": 1014,
    "humidity": 17,
    "dew_point": 0.4,
    "uvi": 3.85,
    "clouds": 22,
    "visibility": 10000,
    "wind_speed": 2.76,
    "wind_deg": 261,
    "wind_gust": 2.5,
    "weather": [
      {
        "id": 801,
        "main": "Clouds",
        "description": "few clouds",
        "icon": "02d"
      }
    ],
    "pop": 0
  },
  {
    "dt": 1697097600,
    "temp": 29.56,
    "feels_like": 27.81,
    "pressure": 1014,
    "humidity": 16,
    "dew_point": 0.79,
    "uvi": 3.79,
    "clouds": 32,
    "visibility": 10000,
    "wind_speed": 3.53,
    "wind_deg": 289,
    "wind_gust": 3.51,
    "weather": [
      {
        "id": 802,
        "main": "Clouds",
        "description": "scattered clouds",
        "icon": "03d"
      }
    ],
    "pop": 0
  },
  {
    "dt": 1697101200,
    "temp": 30.12,
    "feels_like": 28.23,
    "pressure": 1013,
    "humidity": 15,
    "dew_point": 0.57,
    "uvi": 3.06,
    "clouds": 43,
    "visibility": 10000,
    "wind_speed": 4.14,
    "wind_deg": 294,
    "wind_gust": 4.2,
    "weather": [
      {
        "id": 802,
        "main": "Clouds",
        "description": "scattered clouds",
        "icon": "03d"
      }
    ],
    "pop": 0
  },
  {
    "dt": 1697104800,
    "temp": 29.52,
    "feels_like": 27.77,
    "pressure": 1013,
    "humidity": 15,
    "dew_point": 0.21,
    "uvi": 1.36,
    "clouds": 58,
    "visibility": 10000,
    "wind_speed": 3.68,
    "wind_deg": 309,
    "wind_gust": 3.6,
    "weather": [
      {
        "id": 803,
        "main": "Clouds",
        "description": "broken clouds",
        "icon": "04d"
      }
    ],
    "pop": 0
  },
  {
    "dt": 1697108400,
    "temp": 28.05,
    "feels_like": 26.71,
    "pressure": 1013,
    "humidity": 17,
    "dew_point": 0.89,
    "uvi": 0.63,
    "clouds": 66,
    "visibility": 10000,
    "wind_speed": 2.71,
    "wind_deg": 312,
    "wind_gust": 2.71,
    "weather": [
      {
        "id": 803,
        "main": "Clouds",
        "description": "broken clouds",
        "icon": "04d"
      }
    ],
    "pop": 0
  }
]